count	zero	coef
0.4167465258789788	-0.19168829397210915	intercept
-0.19550683126146232	0.6359332030001064	fem
0.09758262897011574	-1.4994684859382412	mar
-0.15173245821414386	0.6284272015007232	kid5
-7.001340806705136e-4	-0.03771473930388164	phd
0.024786201372630465	-0.8822932239400029	ment
2.6547660033812437	2.6547660033812437	theta
