val	coef
0.2561440246579784	intercept
-0.2164184233058461	fem
0.15048945147514323	mar
-0.17641524234590464	kid5
0.015271155545275089	phd
0.029082341647915382	ment
2.2643876948599235	theta
